registration,make_model,registered_owner,shared_users,notes
DL01AB1234,Toyota Fortuner Black,Rohit Sharma,"Neha Kapoor, Sunil Mehra, Ajay Tyagi, Priya Sharma","Key vehicle observed at multi-party meetings in Delhi NCR"
DL03XY5678,Honda City White,Amit Verma,"Pooja Hegde, Vijay Mallya","Liaison transport vehicle cross-state Delhi-Haryana"
MH12CD4321,Mahindra Scorpio Silver,Sameer Khan,"Deepak Joshi, Rohan Mehra","Western logistics command vehicle in Pune/Mumbai"
HR26DQ9999,Tata Safari Dark,Vikram Singh,"Rakesh Yadav, Harish Rawat","Used for highway transit and security escort"
DL08ZZ1122,Hyundai Creta Grey,Karan Malhotra,"Sanjay Singhania","Financial handler vehicle"
DL05CC4455,Maruti Swift Dzire,Rajesh Gupta,"Gaurav Taneja","Apex Logistics courier car"
MH02EE9876,Toyota Innova Crysta,Anil Deshmukh,"Suresh Raina, Ankit Patel","Mumbai port and airport pickup vehicle"
MH14FF5566,Mahindra Bolero,Mohammad Aslam,"Tariq Ahmed","Storage facility operations vehicle"
DL09GH7788,Kia Seltos Red,Praveen Kumar,"Manish Sisodia","Surveillance alert scout car"
